flight_num,airline,origin,dest,dep_hour,day_of_week,distance,delayed
VI758,Vistara,BLR,BOM,19,0,1771,1
SP917,SpiceJet,COK,HYD,22,1,1054,1
GO178,GoAir,DEL,GOI,19,2,694,0
VI955,Vistara,CCU,HYD,20,2,957,1
AI318,Air India,DEL,GOI,15,1,381,0
AI158,Air India,BLR,MAA,12,5,490,0
GO671,GoAir,HYD,GOI,16,6,1964,0
AI378,Air India,GOI,COK,16,3,2071,0
IN241,IndiGo,MAA,BOM,13,1,365,0
VI413,Vistara,DEL,BOM,20,4,1540,1
GO107,GoAir,COK,CCU,5,4,2195,0
AI479,AirAsia,MAA,HYD,15,1,2374,0
SP170,SpiceJet,COK,DEL,21,1,1819,1
GO319,GoAir,HYD,MAA,21,4,1763,1
SP796,SpiceJet,BOM,COK,15,0,1209,0
AI874,AirAsia,HYD,BLR,23,4,2256,0
VI636,Vistara,HYD,BLR,21,4,2185,1
VI331,Vistara,COK,BLR,23,4,2022,1
VI237,Vistara,BOM,DEL,17,3,1620,0
AI820,AirAsia,BLR,MAA,19,1,1678,1
SP602,SpiceJet,HYD,GOI,11,2,1039,0
IN323,IndiGo,DEL,MAA,6,1,1861,1
SP242,SpiceJet,BOM,GOI,22,1,940,1
AI871,AirAsia,CCU,MAA,21,4,2011,0
AI918,AirAsia,BOM,HYD,19,2,1539,1
IN735,IndiGo,CCU,BLR,17,1,576,0
AI386,Air India,CCU,BLR,21,0,979,0
AI673,Air India,MAA,BOM,16,6,434,0
IN950,IndiGo,GOI,HYD,13,4,1685,1
AI920,AirAsia,HYD,CCU,21,0,1188,0
SP250,SpiceJet,HYD,CCU,18,0,2319,1
SP179,SpiceJet,HYD,MAA,11,5,853,1
AI256,AirAsia,BOM,DEL,12,0,2072,0
VI537,Vistara,BLR,COK,7,5,1770,0
AI353,AirAsia,DEL,GOI,15,4,1767,0
AI928,Air India,COK,CCU,9,4,998,0
VI980,Vistara,DEL,BOM,22,5,2404,0
AI404,AirAsia,DEL,MAA,6,2,1507,0
AI403,Air India,BOM,COK,14,3,886,0
GO838,GoAir,BLR,CCU,18,4,1909,1
VI826,Vistara,GOI,DEL,5,4,1711,0
SP340,SpiceJet,DEL,BOM,18,1,1322,0
VI328,Vistara,BLR,CCU,22,0,1728,0
VI638,Vistara,HYD,DEL,17,6,2186,0
GO560,GoAir,MAA,CCU,20,2,1895,1
AI381,AirAsia,DEL,CCU,22,2,1698,0
AI937,AirAsia,HYD,DEL,20,4,1544,0
IN511,IndiGo,BOM,HYD,16,3,649,0
AI751,Air India,MAA,BOM,20,6,1297,0
VI331,Vistara,DEL,CCU,9,4,2472,0
AI167,Air India,CCU,GOI,20,5,1244,0
VI413,Vistara,COK,CCU,19,6,908,1
IN755,IndiGo,BLR,GOI,14,0,1859,0
GO623,GoAir,MAA,HYD,10,5,2468,0
SP482,SpiceJet,BLR,HYD,11,2,1658,0
AI470,Air India,MAA,CCU,22,6,2229,0
AI740,AirAsia,HYD,CCU,16,5,2424,0
SP723,SpiceJet,BOM,DEL,12,6,1506,1
VI848,Vistara,COK,GOI,22,6,1659,0
VI319,Vistara,DEL,HYD,5,6,819,0
VI311,Vistara,CCU,DEL,9,4,1464,0
AI797,AirAsia,DEL,CCU,16,1,1725,0
VI851,Vistara,BLR,HYD,8,0,2111,0
AI794,Air India,HYD,COK,22,3,1679,0
GO417,GoAir,COK,HYD,12,1,1759,0
AI711,Air India,COK,DEL,16,1,1442,0
SP927,SpiceJet,DEL,MAA,9,3,1067,0
IN877,IndiGo,GOI,DEL,6,1,741,0
SP219,SpiceJet,BLR,MAA,10,2,451,0
AI162,AirAsia,MAA,BOM,10,6,1072,1
VI734,Vistara,HYD,BLR,7,6,2442,0
AI855,Air India,BOM,MAA,5,3,1040,1
SP782,SpiceJet,HYD,CCU,17,2,783,0
SP325,SpiceJet,CCU,GOI,18,3,1501,0
IN578,IndiGo,DEL,HYD,23,5,832,0
VI384,Vistara,COK,DEL,8,3,1529,0
IN495,IndiGo,BOM,DEL,20,2,420,0
GO899,GoAir,DEL,HYD,16,5,1485,1
AI675,AirAsia,BOM,CCU,9,4,769,0
AI187,AirAsia,CCU,BLR,23,0,361,0
AI706,AirAsia,DEL,CCU,20,2,1141,1
GO809,GoAir,MAA,GOI,5,6,1719,0
AI345,AirAsia,MAA,HYD,23,4,2237,0
SP114,SpiceJet,DEL,COK,16,3,1232,0
SP967,SpiceJet,BOM,COK,12,6,344,0
AI804,AirAsia,BLR,HYD,20,3,1605,0
AI887,AirAsia,MAA,DEL,13,3,1855,0
AI540,Air India,GOI,MAA,20,1,2362,1
AI811,Air India,BOM,GOI,11,1,1905,1
GO791,GoAir,DEL,HYD,21,5,1169,0
AI983,AirAsia,BOM,HYD,11,5,1772,0
IN212,IndiGo,BOM,CCU,10,4,1764,1
AI873,AirAsia,HYD,CCU,11,6,1045,1
SP937,SpiceJet,DEL,GOI,19,3,1771,0
IN559,IndiGo,BLR,HYD,14,4,2226,0
GO517,GoAir,COK,MAA,12,5,911,0
VI811,Vistara,BLR,MAA,23,3,2345,0
GO151,GoAir,BOM,HYD,21,3,1688,1
AI708,AirAsia,CCU,DEL,18,0,1599,0
VI788,Vistara,HYD,MAA,19,4,535,0
AI443,AirAsia,HYD,MAA,17,2,926,0
VI485,Vistara,COK,CCU,16,6,1930,0
IN322,IndiGo,DEL,HYD,7,5,1618,0
AI350,Air India,COK,BLR,15,6,541,0
GO430,GoAir,CCU,DEL,17,5,1730,1
VI246,Vistara,CCU,COK,10,1,608,0
GO655,GoAir,HYD,COK,8,5,520,1
GO981,GoAir,BOM,MAA,14,6,900,0
SP289,SpiceJet,GOI,HYD,23,4,2484,0
GO522,GoAir,BLR,CCU,21,2,1655,1
VI948,Vistara,DEL,COK,12,5,506,0
GO747,GoAir,COK,BLR,11,6,1928,1
AI623,Air India,COK,GOI,8,5,1491,1
AI476,AirAsia,GOI,HYD,10,5,1023,0
IN373,IndiGo,CCU,GOI,11,5,539,0
AI658,AirAsia,GOI,BLR,11,1,1914,0
VI722,Vistara,MAA,DEL,11,5,1248,0
SP847,SpiceJet,MAA,BOM,17,6,1339,1
VI237,Vistara,CCU,BLR,5,1,1249,0
IN582,IndiGo,HYD,BOM,9,1,645,0
AI438,Air India,HYD,CCU,14,6,1305,1
GO741,GoAir,MAA,HYD,19,4,1514,0
SP738,SpiceJet,GOI,MAA,11,3,559,0
AI211,AirAsia,GOI,BLR,6,2,1944,0
IN606,IndiGo,COK,HYD,20,5,2238,0
GO666,GoAir,BLR,COK,14,2,1784,0
AI606,Air India,CCU,COK,15,4,2016,1
AI586,AirAsia,CCU,MAA,5,1,2278,0
IN957,IndiGo,MAA,COK,19,5,1421,1
SP634,SpiceJet,DEL,GOI,11,6,2202,1
AI810,Air India,GOI,CCU,15,1,428,0
GO618,GoAir,BLR,GOI,15,2,1543,0
AI366,Air India,COK,BLR,15,0,1610,0
IN505,IndiGo,MAA,CCU,16,4,790,1
AI143,AirAsia,GOI,BOM,23,6,1806,0
AI703,AirAsia,GOI,HYD,11,1,1294,0
SP262,SpiceJet,MAA,BLR,12,3,1628,1
GO519,GoAir,BOM,CCU,9,4,1418,1
SP257,SpiceJet,CCU,GOI,9,3,763,0
SP350,SpiceJet,HYD,BLR,9,3,1657,0
IN669,IndiGo,CCU,MAA,16,5,2273,0
SP862,SpiceJet,CCU,MAA,15,2,311,0
GO682,GoAir,CCU,GOI,22,3,766,0
IN544,IndiGo,BLR,COK,5,6,1870,0
AI336,AirAsia,COK,BOM,21,1,2180,1
GO399,GoAir,GOI,DEL,20,2,975,1
GO785,GoAir,BOM,CCU,19,2,1686,0
AI976,Air India,COK,BOM,6,4,1910,1
AI313,Air India,BLR,BOM,7,2,1643,0
VI261,Vistara,BOM,HYD,17,1,630,0
AI925,AirAsia,COK,BLR,7,4,873,0
VI462,Vistara,MAA,BOM,20,5,1726,1
GO695,GoAir,COK,BLR,12,4,914,0
SP711,SpiceJet,DEL,HYD,14,0,742,1
GO159,GoAir,HYD,MAA,14,4,1847,0
AI625,Air India,GOI,BLR,12,6,2176,0
SP969,SpiceJet,BOM,DEL,12,0,1821,0
AI221,Air India,DEL,CCU,19,0,1793,0
GO915,GoAir,MAA,HYD,6,4,1206,1
GO471,GoAir,MAA,DEL,22,6,1154,0
VI590,Vistara,MAA,COK,15,6,1807,1
VI379,Vistara,CCU,BOM,14,1,2151,0
SP160,SpiceJet,GOI,CCU,14,6,1536,1
IN763,IndiGo,BOM,HYD,21,4,1486,0
VI602,Vistara,MAA,DEL,15,1,1161,0
IN907,IndiGo,GOI,COK,13,2,514,0
AI592,AirAsia,CCU,BLR,19,4,1926,1
GO707,GoAir,BOM,CCU,19,3,591,1
GO623,GoAir,BOM,BLR,21,1,2309,0
AI141,Air India,BOM,MAA,16,5,1272,0
AI833,Air India,GOI,CCU,10,2,1866,0
SP789,SpiceJet,BLR,BOM,9,5,1139,1
GO317,GoAir,COK,GOI,10,2,1830,0
AI797,Air India,BLR,CCU,22,1,1309,0
SP785,SpiceJet,BLR,HYD,20,1,497,0
GO245,GoAir,BOM,CCU,5,5,382,1
IN725,IndiGo,HYD,MAA,20,2,1179,1
AI290,AirAsia,MAA,CCU,7,1,1937,1
GO468,GoAir,BOM,HYD,11,5,1039,0
AI132,AirAsia,HYD,GOI,9,0,1091,0
VI560,Vistara,COK,HYD,11,5,788,0
VI540,Vistara,BLR,DEL,11,1,978,0
AI722,AirAsia,BOM,BLR,19,0,2143,1
GO204,GoAir,CCU,HYD,14,1,2130,1
VI903,Vistara,DEL,COK,7,5,756,1
SP945,SpiceJet,GOI,BLR,19,2,1389,0
VI177,Vistara,MAA,COK,13,6,715,0
SP739,SpiceJet,COK,HYD,21,6,2292,1
GO974,GoAir,COK,MAA,21,4,819,1
GO627,GoAir,COK,CCU,5,4,987,0
AI330,AirAsia,DEL,COK,9,5,2119,0
AI460,AirAsia,BOM,BLR,10,1,1821,1
AI527,Air India,BOM,GOI,23,1,1216,0
GO633,GoAir,HYD,GOI,23,1,1082,1
IN352,IndiGo,BLR,MAA,12,6,1773,0
IN822,IndiGo,GOI,BOM,9,2,450,0
SP937,SpiceJet,CCU,BLR,13,3,2022,0
VI734,Vistara,DEL,MAA,12,4,535,0
VI755,Vistara,GOI,BOM,15,0,2323,1
IN708,IndiGo,BLR,GOI,15,6,1057,1
GO871,GoAir,HYD,DEL,20,5,923,1
AI209,AirAsia,HYD,BLR,7,2,1235,1
VI463,Vistara,BOM,MAA,20,0,2410,0
SP701,SpiceJet,CCU,DEL,7,4,1901,1
SP690,SpiceJet,GOI,COK,6,0,1377,0
SP734,SpiceJet,GOI,DEL,12,6,1399,1
VI192,Vistara,DEL,COK,15,4,2057,0
AI344,AirAsia,MAA,HYD,21,1,2329,0
SP226,SpiceJet,BOM,MAA,16,4,1327,1
AI782,AirAsia,HYD,BOM,6,1,445,1
AI838,Air India,HYD,BLR,11,1,1122,0
VI687,Vistara,HYD,BOM,15,3,1111,0
GO309,GoAir,COK,GOI,6,6,1808,1
AI146,AirAsia,HYD,BOM,19,5,1361,0
AI590,AirAsia,HYD,CCU,12,6,1227,0
GO885,GoAir,MAA,COK,18,1,532,0
GO279,GoAir,COK,DEL,13,1,2017,0
IN557,IndiGo,BOM,MAA,18,3,848,0
SP339,SpiceJet,MAA,BOM,17,2,872,0
GO356,GoAir,GOI,BOM,9,1,1424,1
AI235,Air India,MAA,HYD,17,3,1634,0
VI515,Vistara,DEL,HYD,22,4,2158,1
AI177,AirAsia,DEL,BOM,17,4,1258,1
VI628,Vistara,MAA,COK,10,3,1258,0
IN249,IndiGo,MAA,COK,16,5,1767,0
AI281,AirAsia,BLR,CCU,19,0,1638,0
AI901,Air India,BLR,BOM,11,0,906,0
SP661,SpiceJet,DEL,MAA,7,6,2286,0
AI379,AirAsia,DEL,HYD,19,5,1567,1
AI590,AirAsia,MAA,HYD,13,1,1081,0
SP400,SpiceJet,CCU,MAA,7,5,642,1
AI979,Air India,CCU,MAA,13,6,572,0
SP589,SpiceJet,HYD,COK,6,6,1074,1
AI698,Air India,DEL,HYD,12,5,535,0
GO251,GoAir,BLR,BOM,11,3,1481,1
SP320,SpiceJet,DEL,MAA,11,0,2246,0
IN454,IndiGo,MAA,COK,9,5,374,1
GO674,GoAir,BLR,HYD,19,2,927,0
GO574,GoAir,GOI,CCU,6,2,1226,1
IN783,IndiGo,DEL,MAA,22,4,300,0
IN703,IndiGo,COK,HYD,9,1,1152,0
IN132,IndiGo,BOM,DEL,23,0,1939,1
AI732,AirAsia,BOM,DEL,22,5,301,0
VI977,Vistara,GOI,CCU,12,4,1365,0
SP402,SpiceJet,GOI,MAA,12,0,969,0
VI546,Vistara,COK,CCU,14,2,397,1
SP825,SpiceJet,BLR,COK,21,4,523,1
GO897,GoAir,GOI,MAA,23,1,1652,1
GO777,GoAir,HYD,MAA,6,6,2201,0
VI328,Vistara,BOM,DEL,17,4,2041,1
IN519,IndiGo,CCU,DEL,16,1,535,0
IN800,IndiGo,HYD,BOM,11,0,766,0
VI503,Vistara,BLR,MAA,22,6,1644,0
IN218,IndiGo,BOM,BLR,10,3,668,1
IN883,IndiGo,DEL,MAA,19,6,1831,0
AI677,Air India,DEL,GOI,16,5,2486,0
IN537,IndiGo,COK,DEL,20,6,1182,0
AI935,Air India,GOI,BLR,14,3,1042,0
GO101,GoAir,BOM,MAA,16,6,349,0
AI440,AirAsia,HYD,MAA,8,6,2266,0
AI996,AirAsia,COK,CCU,15,3,1666,0
VI349,Vistara,BLR,COK,16,3,2153,0
IN245,IndiGo,BOM,HYD,15,1,2268,0
GO276,GoAir,HYD,BOM,11,3,1193,1
VI244,Vistara,DEL,CCU,8,4,2094,0
VI181,Vistara,GOI,HYD,9,6,780,0
AI238,AirAsia,HYD,BOM,18,2,1067,0
AI681,AirAsia,BOM,MAA,14,2,1734,0
IN192,IndiGo,COK,BOM,6,5,1974,1
AI667,AirAsia,MAA,BLR,21,2,2336,0
AI243,AirAsia,COK,DEL,5,4,734,0
VI293,Vistara,HYD,BOM,17,2,2461,1
IN822,IndiGo,MAA,DEL,7,2,1470,1
GO624,GoAir,CCU,BLR,6,2,1492,1
GO865,GoAir,BOM,DEL,22,3,791,0
VI660,Vistara,HYD,DEL,12,5,2088,1
GO663,GoAir,CCU,DEL,6,0,1281,0
AI186,Air India,HYD,CCU,11,1,1510,1
AI509,Air India,GOI,DEL,12,0,610,0
VI769,Vistara,DEL,COK,20,5,2078,0
VI239,Vistara,BLR,CCU,23,4,2297,0
VI420,Vistara,MAA,GOI,20,4,1392,1
VI831,Vistara,GOI,DEL,7,3,1497,0
GO587,GoAir,BOM,HYD,16,4,1170,1
VI629,Vistara,DEL,GOI,10,3,1959,0
AI190,AirAsia,DEL,BLR,14,1,979,0
AI385,AirAsia,CCU,COK,6,0,2105,1
GO322,GoAir,DEL,BLR,13,0,363,0
GO139,GoAir,MAA,COK,13,5,1234,0
AI472,Air India,COK,MAA,16,1,1033,0
SP609,SpiceJet,HYD,BOM,10,5,685,0
GO904,GoAir,GOI,BLR,19,3,1814,0
AI604,AirAsia,MAA,CCU,20,2,613,0
IN258,IndiGo,HYD,DEL,9,5,871,0
IN720,IndiGo,GOI,MAA,21,6,849,0
AI673,AirAsia,CCU,BOM,21,2,1211,1
SP535,SpiceJet,BOM,DEL,8,2,2390,0
IN850,IndiGo,HYD,CCU,22,0,1914,0
AI153,AirAsia,BLR,DEL,16,3,1145,0
AI513,Air India,DEL,MAA,22,0,1007,0
AI701,Air India,DEL,COK,9,4,1759,1
AI182,Air India,GOI,CCU,22,3,507,0
SP594,SpiceJet,HYD,DEL,16,0,1633,1
AI671,AirAsia,HYD,BLR,21,0,1779,0
AI288,AirAsia,BLR,MAA,15,6,2472,0
SP398,SpiceJet,COK,HYD,18,5,487,1
AI561,Air India,CCU,GOI,6,5,1118,0
AI872,Air India,GOI,CCU,13,4,2468,0
AI252,AirAsia,BLR,BOM,10,5,641,0
AI693,AirAsia,CCU,HYD,17,5,2289,0
AI111,Air India,COK,CCU,18,5,1988,1
IN927,IndiGo,COK,GOI,19,3,1088,0
IN479,IndiGo,HYD,BLR,23,6,2396,0
AI684,AirAsia,COK,BLR,20,6,1517,0
AI155,Air India,COK,HYD,9,6,644,0
AI402,Air India,COK,CCU,8,1,1134,0
AI963,Air India,BOM,DEL,6,6,1899,0
AI680,Air India,COK,BOM,15,0,1950,1
AI143,AirAsia,HYD,GOI,13,5,2201,1
SP192,SpiceJet,HYD,DEL,9,6,1610,1
IN984,IndiGo,HYD,DEL,7,1,724,1
AI843,Air India,BOM,GOI,6,0,1015,1
VI232,Vistara,COK,BLR,22,6,1947,0
VI588,Vistara,COK,BOM,10,1,1151,0
VI177,Vistara,HYD,BLR,10,4,2032,0
GO517,GoAir,MAA,DEL,18,3,2283,1
AI370,Air India,COK,DEL,6,0,1723,1
SP633,SpiceJet,MAA,BLR,13,1,1268,1
SP234,SpiceJet,DEL,MAA,19,6,1712,1
VI797,Vistara,CCU,DEL,16,6,1903,0
AI598,Air India,GOI,COK,12,3,897,0
GO676,GoAir,MAA,HYD,10,5,2028,1
AI889,AirAsia,DEL,CCU,8,4,1988,0
AI326,AirAsia,BLR,CCU,17,2,1185,0
AI149,Air India,COK,MAA,7,0,2089,1
SP853,SpiceJet,MAA,DEL,12,4,330,0
IN558,IndiGo,COK,MAA,7,3,418,0
SP100,SpiceJet,HYD,GOI,20,0,1051,1
AI439,AirAsia,DEL,COK,11,4,612,0
GO182,GoAir,DEL,BOM,20,6,525,1
SP315,SpiceJet,DEL,COK,5,4,1894,1
SP628,SpiceJet,HYD,GOI,9,0,892,1
GO628,GoAir,COK,HYD,13,3,1430,1
GO170,GoAir,HYD,BOM,6,6,1253,1
AI854,Air India,CCU,BLR,18,5,569,1
AI977,AirAsia,DEL,BOM,11,6,516,0
GO312,GoAir,CCU,DEL,6,5,2324,0
IN950,IndiGo,DEL,CCU,13,5,499,1
AI486,Air India,GOI,CCU,12,6,841,0
SP342,SpiceJet,CCU,GOI,12,5,2113,0
IN272,IndiGo,GOI,DEL,5,3,1507,0
VI317,Vistara,BLR,GOI,22,1,850,0
GO191,GoAir,BOM,DEL,8,4,2296,1
AI450,Air India,MAA,BLR,13,1,1369,0
VI715,Vistara,BLR,MAA,7,3,1143,0
IN511,IndiGo,HYD,CCU,16,6,461,0
GO129,GoAir,BOM,BLR,16,6,1667,1
VI682,Vistara,GOI,CCU,13,0,670,0
AI535,AirAsia,BOM,GOI,12,3,2106,1
VI573,Vistara,GOI,CCU,22,5,2214,0
VI765,Vistara,HYD,MAA,14,6,570,0
IN208,IndiGo,CCU,DEL,11,5,1764,0
AI653,Air India,HYD,BLR,18,6,2378,1
IN833,IndiGo,DEL,GOI,9,0,2132,1
AI946,Air India,CCU,MAA,12,1,2096,0
SP326,SpiceJet,BOM,GOI,22,6,887,0
AI833,AirAsia,MAA,COK,17,3,807,1
GO744,GoAir,MAA,GOI,17,6,1250,1
AI284,AirAsia,DEL,MAA,15,1,2261,1
IN757,IndiGo,CCU,BLR,19,0,793,1
IN453,IndiGo,COK,GOI,6,0,843,1
AI521,Air India,CCU,GOI,10,2,2214,0
VI807,Vistara,BLR,COK,23,5,1865,0
IN687,IndiGo,BLR,COK,9,0,2287,0
SP127,SpiceJet,GOI,COK,15,2,1335,0
SP332,SpiceJet,HYD,DEL,16,3,2395,0
SP122,SpiceJet,HYD,BOM,19,4,2363,1
AI148,AirAsia,GOI,MAA,10,3,574,0
GO109,GoAir,COK,CCU,19,4,949,0
VI960,Vistara,COK,DEL,8,0,1585,1
SP127,SpiceJet,BOM,DEL,23,4,622,0
GO244,GoAir,MAA,CCU,21,1,2023,0
AI386,Air India,MAA,HYD,22,6,2248,0
GO383,GoAir,DEL,CCU,9,3,1160,1
SP135,SpiceJet,BOM,GOI,7,5,1345,0
VI476,Vistara,HYD,BLR,5,1,2015,0
AI203,AirAsia,CCU,DEL,18,6,495,0
IN405,IndiGo,CCU,DEL,22,1,1616,0
SP223,SpiceJet,MAA,GOI,21,6,936,0
SP714,SpiceJet,GOI,MAA,17,1,1589,1
AI846,Air India,MAA,DEL,19,5,975,1
GO336,GoAir,DEL,BOM,8,1,2479,1
AI552,AirAsia,COK,MAA,11,5,2411,0
IN958,IndiGo,DEL,CCU,21,2,381,0
IN276,IndiGo,CCU,BOM,14,5,492,0
GO405,GoAir,COK,BLR,6,0,2122,0
AI842,AirAsia,GOI,HYD,17,4,598,0
AI434,Air India,CCU,GOI,12,5,1821,0
AI675,AirAsia,COK,BLR,8,6,364,0
IN540,IndiGo,MAA,DEL,9,1,2082,0
SP420,SpiceJet,BOM,CCU,6,6,1068,0
AI274,Air India,CCU,GOI,23,3,1006,0
AI585,AirAsia,MAA,BOM,16,4,1806,0
SP815,SpiceJet,GOI,CCU,12,0,1105,0
VI536,Vistara,CCU,BLR,17,6,1693,0
AI987,Air India,HYD,CCU,9,6,1929,1
VI801,Vistara,COK,GOI,11,0,666,0
IN406,IndiGo,COK,BOM,6,3,1308,0
IN392,IndiGo,MAA,BOM,9,6,418,0
VI776,Vistara,GOI,DEL,5,2,369,1
IN994,IndiGo,GOI,BOM,12,5,2321,0
VI534,Vistara,DEL,HYD,22,3,2181,0
AI729,Air India,BOM,CCU,19,1,1205,0
VI528,Vistara,GOI,HYD,14,4,2413,0
IN173,IndiGo,HYD,DEL,6,4,2063,1
AI883,AirAsia,GOI,DEL,11,1,1239,0
AI294,AirAsia,MAA,COK,8,5,470,0
AI773,AirAsia,BLR,MAA,18,4,1485,0
AI730,AirAsia,BLR,CCU,5,3,1506,0
GO332,GoAir,COK,MAA,17,5,1249,0
IN283,IndiGo,MAA,HYD,22,5,1272,1
VI484,Vistara,DEL,BLR,6,4,1806,0
IN484,IndiGo,GOI,BOM,9,4,857,0
IN566,IndiGo,BOM,MAA,7,1,1223,0
GO474,GoAir,DEL,MAA,8,1,1699,1
GO753,GoAir,BOM,HYD,22,5,632,0
AI388,AirAsia,DEL,MAA,9,3,1081,0
AI995,Air India,BOM,HYD,19,1,1717,0
SP859,SpiceJet,CCU,GOI,9,4,1428,1
GO273,GoAir,COK,MAA,15,2,784,0
AI591,AirAsia,CCU,MAA,23,3,1156,0
AI750,AirAsia,GOI,CCU,9,2,377,1
AI534,AirAsia,COK,BLR,16,4,1897,0
AI449,AirAsia,CCU,DEL,6,4,1961,1
AI314,Air India,COK,BLR,13,3,1614,0
VI178,Vistara,CCU,BLR,22,3,1483,0
AI360,Air India,CCU,BLR,9,1,1841,0
VI917,Vistara,GOI,CCU,11,3,972,0
SP455,SpiceJet,CCU,DEL,21,1,1906,0
GO911,GoAir,HYD,DEL,5,0,1211,0
GO672,GoAir,BOM,CCU,16,2,2428,1
GO974,GoAir,DEL,MAA,17,6,1096,0
VI371,Vistara,DEL,HYD,10,5,726,0
VI801,Vistara,BLR,HYD,7,2,1568,1
SP309,SpiceJet,GOI,MAA,13,4,2081,0
VI460,Vistara,GOI,DEL,6,5,1976,0
AI378,AirAsia,BOM,BLR,14,2,843,0
SP905,SpiceJet,GOI,HYD,20,4,1702,1
AI317,AirAsia,COK,DEL,8,4,1843,0
AI445,AirAsia,GOI,BLR,23,6,1191,0
GO267,GoAir,GOI,DEL,14,4,734,1
GO827,GoAir,BLR,HYD,14,1,832,1
SP483,SpiceJet,COK,MAA,7,1,1887,0
SP446,SpiceJet,BOM,MAA,18,2,1786,0
AI857,Air India,CCU,MAA,18,3,386,0
VI327,Vistara,HYD,CCU,16,3,1612,0
IN391,IndiGo,COK,HYD,19,5,2223,1
GO865,GoAir,HYD,BLR,16,1,1369,0
SP417,SpiceJet,HYD,CCU,14,3,1813,0
VI836,Vistara,DEL,BOM,23,6,1344,0
VI778,Vistara,COK,BOM,11,4,1357,1
VI862,Vistara,BLR,GOI,20,3,1269,0
GO959,GoAir,BLR,DEL,21,6,2476,1
AI112,Air India,CCU,COK,12,3,1336,0
AI516,AirAsia,MAA,COK,12,0,681,0
AI701,AirAsia,BLR,DEL,17,6,596,0
SP911,SpiceJet,MAA,BOM,11,3,840,1
GO983,GoAir,COK,GOI,21,2,1340,0
AI182,AirAsia,MAA,HYD,11,3,1828,0
AI731,Air India,GOI,CCU,12,1,2398,0
AI547,AirAsia,HYD,BOM,22,2,1328,0
GO284,GoAir,HYD,BLR,21,5,2172,0
IN126,IndiGo,CCU,GOI,7,0,1172,0
GO748,GoAir,HYD,DEL,22,0,1835,1
IN860,IndiGo,DEL,BLR,5,4,2420,0
VI242,Vistara,BOM,HYD,7,6,498,1
GO799,GoAir,GOI,BOM,21,1,1828,1
AI190,Air India,COK,BLR,23,3,2367,0
AI465,AirAsia,DEL,CCU,22,1,596,0
AI418,Air India,BOM,DEL,17,4,917,0
AI434,AirAsia,HYD,DEL,18,5,1880,0
VI833,Vistara,HYD,DEL,17,1,2463,0
VI454,Vistara,DEL,BOM,18,0,307,0
VI590,Vistara,COK,MAA,6,2,570,1
AI304,Air India,BLR,DEL,7,6,1445,1
AI269,Air India,MAA,BOM,11,3,1905,1
AI268,Air India,BLR,CCU,21,6,1000,0
IN882,IndiGo,HYD,DEL,19,1,684,0
GO303,GoAir,CCU,COK,17,6,2412,1
AI316,AirAsia,BLR,COK,19,0,1617,0
SP846,SpiceJet,BLR,CCU,17,3,701,0
VI511,Vistara,CCU,HYD,22,6,2392,1
GO381,GoAir,HYD,MAA,5,1,590,1
AI508,Air India,MAA,GOI,17,4,1868,0
IN947,IndiGo,COK,BOM,23,4,1881,1
AI320,AirAsia,HYD,DEL,7,1,2057,1
AI303,AirAsia,DEL,GOI,9,2,2299,1
AI857,AirAsia,CCU,MAA,7,5,2210,1
GO450,GoAir,COK,HYD,22,3,1961,0
VI543,Vistara,CCU,MAA,13,0,1186,0
AI419,Air India,HYD,GOI,13,3,740,0
GO415,GoAir,BLR,COK,15,2,317,0
IN114,IndiGo,CCU,DEL,10,6,1644,0
SP524,SpiceJet,MAA,DEL,6,2,825,1
GO380,GoAir,HYD,CCU,11,1,1628,0
IN278,IndiGo,BLR,CCU,11,0,1039,0
AI365,Air India,BLR,GOI,5,1,1693,0
GO646,GoAir,MAA,DEL,14,3,1519,0
SP327,SpiceJet,DEL,COK,10,6,1405,0
AI581,AirAsia,BLR,GOI,5,3,1312,0
SP240,SpiceJet,HYD,DEL,8,1,1521,0
GO614,GoAir,MAA,GOI,17,4,2125,0
SP255,SpiceJet,COK,BOM,8,5,1023,0
AI761,Air India,MAA,BLR,23,5,2370,1
VI785,Vistara,CCU,HYD,12,0,2445,0
AI706,AirAsia,GOI,HYD,21,5,2069,0
AI147,Air India,BOM,DEL,17,0,2394,0
SP761,SpiceJet,BOM,DEL,5,0,939,0
VI937,Vistara,CCU,DEL,7,6,1289,0
IN530,IndiGo,BLR,DEL,6,6,2298,0
AI527,AirAsia,GOI,BLR,19,4,2085,0
VI863,Vistara,DEL,COK,15,0,1167,0
VI225,Vistara,BLR,HYD,5,0,2097,0
AI167,AirAsia,CCU,HYD,7,5,2401,0
AI557,Air India,MAA,BOM,19,4,2081,1
VI309,Vistara,GOI,HYD,18,0,791,0
SP488,SpiceJet,DEL,HYD,7,6,2366,1
IN283,IndiGo,BLR,GOI,16,1,2469,0
AI215,AirAsia,GOI,MAA,7,0,528,0
SP538,SpiceJet,CCU,BOM,19,1,1788,0
AI798,AirAsia,GOI,DEL,5,4,495,0
IN810,IndiGo,CCU,MAA,15,0,555,0
AI771,AirAsia,HYD,COK,8,1,2498,1
IN423,IndiGo,BLR,HYD,9,0,397,1
AI682,AirAsia,BOM,BLR,15,5,1790,1
IN850,IndiGo,BLR,BOM,8,6,1945,0
GO273,GoAir,HYD,CCU,9,3,2411,0
IN931,IndiGo,COK,DEL,16,4,424,0
IN786,IndiGo,CCU,DEL,13,0,1959,0
SP368,SpiceJet,DEL,GOI,21,6,615,0
GO903,GoAir,BLR,BOM,17,3,954,0
VI520,Vistara,COK,MAA,14,5,1158,1
IN365,IndiGo,MAA,DEL,8,5,2009,1
IN422,IndiGo,BOM,CCU,21,5,1096,0
IN968,IndiGo,DEL,BOM,15,6,656,1
VI547,Vistara,GOI,HYD,6,1,2116,0
AI747,AirAsia,HYD,COK,20,1,864,1
AI159,Air India,HYD,CCU,11,0,1327,0
IN427,IndiGo,GOI,HYD,19,0,2342,0
GO508,GoAir,MAA,GOI,17,6,1409,1
GO534,GoAir,DEL,BLR,22,4,1125,1
VI218,Vistara,GOI,DEL,12,5,884,0
IN750,IndiGo,MAA,HYD,23,2,1298,0
GO418,GoAir,CCU,BLR,21,1,2064,1
GO229,GoAir,GOI,BOM,12,5,1406,0
IN832,IndiGo,GOI,BLR,19,4,955,0
SP393,SpiceJet,DEL,BLR,20,3,931,1
AI761,AirAsia,COK,CCU,9,6,376,0
AI804,Air India,CCU,BOM,8,1,1704,0
AI628,Air India,HYD,DEL,13,4,852,0
VI130,Vistara,MAA,BOM,14,3,1733,0
GO711,GoAir,COK,CCU,6,1,1199,1
GO361,GoAir,BOM,GOI,10,1,512,1
AI711,Air India,DEL,HYD,23,0,779,0
AI550,Air India,HYD,CCU,22,0,698,0
VI246,Vistara,BLR,CCU,14,0,1907,0
GO897,GoAir,BOM,BLR,19,2,487,0
VI733,Vistara,MAA,BOM,8,4,1524,0
GO949,GoAir,BOM,HYD,6,6,1677,0
IN740,IndiGo,BLR,DEL,21,4,685,0
AI956,Air India,COK,BLR,17,4,2119,1
SP880,SpiceJet,CCU,COK,17,5,1974,1
AI128,AirAsia,BLR,COK,7,4,2005,1
IN733,IndiGo,HYD,CCU,11,0,1590,0
VI270,Vistara,DEL,COK,15,2,2368,0
VI409,Vistara,DEL,GOI,19,2,933,1
AI669,AirAsia,GOI,BOM,9,2,341,0
VI896,Vistara,GOI,DEL,18,4,1325,0
AI770,Air India,BOM,MAA,9,6,771,0
AI768,AirAsia,MAA,BOM,9,1,849,1
SP910,SpiceJet,MAA,HYD,19,1,1995,0
IN250,IndiGo,CCU,MAA,17,1,477,0
VI967,Vistara,GOI,MAA,16,1,1949,1
IN743,IndiGo,HYD,GOI,18,3,2033,0
AI238,Air India,BLR,COK,5,5,2387,0
AI838,AirAsia,DEL,BOM,12,6,1689,0
GO183,GoAir,COK,CCU,18,1,1175,1
IN858,IndiGo,COK,GOI,7,4,377,1
IN203,IndiGo,CCU,BLR,19,2,2356,1
IN838,IndiGo,CCU,HYD,21,2,905,0
SP514,SpiceJet,COK,HYD,8,6,1934,0
AI523,AirAsia,HYD,BLR,7,4,1081,0
VI636,Vistara,MAA,COK,10,5,622,0
SP322,SpiceJet,COK,BOM,5,3,1069,1
SP562,SpiceJet,BOM,DEL,14,6,2198,1
VI547,Vistara,DEL,MAA,11,5,2429,0
IN687,IndiGo,CCU,COK,23,5,1655,1
AI570,AirAsia,GOI,MAA,20,0,1766,0
SP940,SpiceJet,MAA,GOI,6,4,927,1
AI116,AirAsia,HYD,COK,15,0,1939,1
GO549,GoAir,MAA,BLR,10,2,2400,0
IN691,IndiGo,MAA,COK,13,0,1125,0
IN356,IndiGo,DEL,GOI,5,1,1028,0
AI781,AirAsia,GOI,DEL,13,5,1391,1
SP776,SpiceJet,BOM,CCU,7,2,1459,0
SP603,SpiceJet,COK,BLR,14,4,1637,1
GO144,GoAir,CCU,MAA,6,6,1625,1
GO800,GoAir,MAA,BOM,6,4,1027,1
VI922,Vistara,HYD,CCU,14,1,2434,0
SP471,SpiceJet,CCU,BOM,8,4,754,0
AI195,Air India,DEL,CCU,23,3,633,0
AI485,Air India,COK,GOI,22,2,2114,0
IN452,IndiGo,HYD,DEL,23,4,2092,0
SP563,SpiceJet,BOM,COK,5,3,1768,0
AI256,Air India,COK,DEL,19,2,704,0
VI563,Vistara,BOM,CCU,5,2,2378,0
AI418,Air India,DEL,GOI,8,5,1841,1
AI375,Air India,COK,HYD,17,3,570,0
VI385,Vistara,BOM,COK,8,4,1642,1
AI872,Air India,BLR,MAA,7,5,2331,1
SP252,SpiceJet,BOM,CCU,9,3,1418,1
GO446,GoAir,BOM,HYD,7,0,2437,0
SP308,SpiceJet,GOI,BOM,7,6,2394,1
IN269,IndiGo,MAA,GOI,8,6,1912,1
AI686,Air India,HYD,CCU,9,0,595,0
SP944,SpiceJet,BLR,GOI,16,2,1576,0
AI120,AirAsia,MAA,CCU,8,3,863,0
AI688,AirAsia,COK,BOM,14,1,372,0
AI954,AirAsia,BLR,GOI,16,5,520,0
VI739,Vistara,BLR,BOM,9,4,2374,0
AI309,AirAsia,CCU,DEL,7,4,1020,0
AI911,Air India,GOI,MAA,19,5,1241,0
AI611,AirAsia,COK,MAA,7,1,1565,0
GO800,GoAir,CCU,HYD,22,2,2425,0
VI238,Vistara,DEL,HYD,5,5,1905,0
VI685,Vistara,CCU,DEL,7,0,1387,1
SP485,SpiceJet,MAA,BLR,6,1,1715,1
IN312,IndiGo,COK,GOI,19,2,1136,0
AI889,Air India,DEL,HYD,22,0,446,0
GO330,GoAir,MAA,GOI,6,1,1804,1
AI736,AirAsia,CCU,BLR,8,0,1618,0
GO987,GoAir,BLR,BOM,22,0,326,0
GO780,GoAir,COK,DEL,17,0,905,0
SP344,SpiceJet,GOI,HYD,5,5,1560,1
IN426,IndiGo,GOI,HYD,17,6,1394,0
AI869,Air India,COK,GOI,23,4,411,1
GO594,GoAir,COK,CCU,10,5,2277,1
SP178,SpiceJet,GOI,MAA,23,5,485,0
GO825,GoAir,BOM,GOI,23,1,1586,0
AI368,AirAsia,BOM,MAA,6,3,1688,0
IN972,IndiGo,MAA,DEL,10,0,806,0
AI602,AirAsia,HYD,DEL,22,4,1146,0
GO775,GoAir,COK,BOM,21,3,1483,0
IN467,IndiGo,BOM,BLR,17,1,1337,1
AI555,Air India,CCU,MAA,20,3,1318,0
AI770,AirAsia,HYD,CCU,9,1,1106,1
IN116,IndiGo,COK,MAA,18,2,2263,0
IN478,IndiGo,MAA,COK,5,1,2195,0
AI661,AirAsia,COK,HYD,11,0,1298,0
AI782,AirAsia,HYD,GOI,15,0,969,0
VI617,Vistara,BLR,COK,20,6,1632,1
VI659,Vistara,GOI,CCU,19,4,1713,1
IN239,IndiGo,HYD,DEL,20,6,2190,0
GO938,GoAir,DEL,BOM,18,5,2408,1
GO740,GoAir,BLR,GOI,17,1,1175,1
VI528,Vistara,MAA,GOI,7,1,2139,0
IN439,IndiGo,BOM,COK,13,1,1541,1
SP230,SpiceJet,CCU,COK,11,2,1293,1
VI381,Vistara,COK,GOI,5,3,2105,0
GO754,GoAir,BLR,MAA,18,3,1352,0
VI328,Vistara,GOI,COK,14,3,2105,0
VI775,Vistara,DEL,GOI,8,3,373,0
IN299,IndiGo,MAA,COK,15,4,365,0
GO938,GoAir,BLR,CCU,19,5,870,1
IN605,IndiGo,BOM,MAA,14,2,1193,0
AI639,AirAsia,DEL,COK,7,6,2247,0
AI129,AirAsia,GOI,BLR,6,6,1757,0
VI777,Vistara,COK,BOM,7,2,2046,0
VI903,Vistara,COK,BLR,17,5,1126,0
GO674,GoAir,COK,CCU,12,1,533,1
IN797,IndiGo,MAA,DEL,15,3,1117,0
SP352,SpiceJet,COK,GOI,16,4,1740,0
VI334,Vistara,MAA,BLR,7,0,1972,0
GO781,GoAir,GOI,MAA,16,2,1983,1
AI632,Air India,BLR,BOM,23,0,2343,0
GO882,GoAir,BLR,GOI,18,3,1308,1
AI118,Air India,BOM,CCU,10,0,1031,0
SP226,SpiceJet,COK,BOM,21,0,2482,0
AI994,Air India,DEL,COK,8,2,2349,0
AI288,Air India,CCU,BLR,13,3,1862,0
SP212,SpiceJet,MAA,DEL,16,1,1614,0
AI614,AirAsia,GOI,BOM,12,1,1828,1
IN762,IndiGo,BOM,BLR,6,3,1678,1
VI601,Vistara,CCU,BOM,16,2,772,1
SP376,SpiceJet,HYD,DEL,9,0,2065,1
GO906,GoAir,COK,BLR,20,6,1088,0
SP793,SpiceJet,COK,CCU,21,4,824,0
SP981,SpiceJet,GOI,MAA,9,4,643,0
AI783,Air India,MAA,BLR,16,5,1528,0
GO165,GoAir,DEL,COK,14,1,563,1
AI821,Air India,BLR,CCU,12,2,1876,0
IN625,IndiGo,HYD,BOM,15,4,2194,0
AI849,AirAsia,CCU,DEL,21,5,540,1
AI894,AirAsia,BLR,CCU,6,1,584,0
GO923,GoAir,MAA,HYD,5,4,379,0
IN349,IndiGo,CCU,DEL,6,4,2253,0
IN561,IndiGo,CCU,COK,13,0,2205,0
IN363,IndiGo,DEL,COK,10,5,1188,1
VI751,Vistara,HYD,BOM,23,4,1490,0
GO352,GoAir,DEL,COK,23,3,631,1
GO952,GoAir,CCU,DEL,5,6,1395,0
GO313,GoAir,DEL,CCU,11,3,2425,0
SP646,SpiceJet,HYD,GOI,20,3,1098,1
AI553,AirAsia,CCU,BOM,22,1,2393,1
IN564,IndiGo,GOI,CCU,8,2,2021,0
AI870,Air India,BLR,GOI,22,6,622,0
SP655,SpiceJet,HYD,COK,19,1,2184,0
IN476,IndiGo,CCU,DEL,6,4,1905,1
AI591,Air India,GOI,MAA,11,2,736,0
AI873,AirAsia,BOM,GOI,19,6,304,0
IN188,IndiGo,COK,MAA,23,2,505,0
GO715,GoAir,GOI,HYD,21,6,998,0
VI373,Vistara,COK,BOM,11,6,674,0
AI957,Air India,GOI,BOM,17,6,1649,0
IN178,IndiGo,MAA,BLR,19,4,2334,0
IN872,IndiGo,BLR,MAA,17,6,1051,0
SP484,SpiceJet,COK,DEL,11,5,322,1
SP484,SpiceJet,MAA,HYD,22,4,1362,0
VI455,Vistara,BOM,DEL,21,4,762,0
VI514,Vistara,BOM,GOI,10,6,2277,0
AI892,Air India,MAA,GOI,11,1,1258,0
AI561,AirAsia,GOI,CCU,14,1,1208,1
IN362,IndiGo,CCU,COK,13,0,1481,0
GO206,GoAir,CCU,DEL,18,1,1175,0
IN192,IndiGo,GOI,CCU,19,0,2364,0
VI979,Vistara,DEL,COK,15,0,2307,0
AI660,Air India,DEL,MAA,9,3,1557,0
IN999,IndiGo,CCU,GOI,21,3,634,1
AI796,AirAsia,DEL,BOM,15,0,2041,1
IN228,IndiGo,MAA,BLR,15,3,759,1
IN126,IndiGo,BOM,DEL,13,0,1979,0
VI162,Vistara,MAA,COK,13,3,1174,0
AI412,Air India,COK,BOM,9,6,2058,0
AI253,Air India,GOI,BLR,13,4,1145,0
IN823,IndiGo,HYD,MAA,11,6,803,1
AI751,AirAsia,COK,BOM,23,6,453,1
IN994,IndiGo,BLR,HYD,14,3,1574,0
GO537,GoAir,HYD,BLR,13,3,730,0
GO582,GoAir,HYD,CCU,18,1,1629,1
AI597,Air India,COK,CCU,17,3,1463,1
IN474,IndiGo,BOM,GOI,8,1,1641,1
AI162,Air India,BLR,MAA,18,4,1996,1
SP504,SpiceJet,MAA,CCU,20,4,610,1
GO140,GoAir,GOI,BOM,13,0,956,0
AI941,Air India,HYD,BOM,23,6,1183,0
SP247,SpiceJet,GOI,BLR,18,4,1339,0
AI993,Air India,DEL,MAA,7,1,2319,0
GO833,GoAir,COK,GOI,16,4,1387,1
GO670,GoAir,CCU,MAA,15,4,1136,1
AI541,AirAsia,CCU,BLR,18,3,866,1
GO812,GoAir,CCU,COK,23,5,1129,0
IN619,IndiGo,DEL,BOM,23,5,1785,0
VI301,Vistara,HYD,DEL,14,0,377,0
AI635,AirAsia,DEL,BOM,23,2,1099,0
SP342,SpiceJet,GOI,MAA,22,2,1829,0
AI803,Air India,BLR,DEL,6,1,1723,0
IN435,IndiGo,DEL,HYD,5,0,1357,1
GO973,GoAir,COK,DEL,9,6,2251,1
AI224,Air India,COK,BLR,23,5,1373,1
AI770,Air India,BOM,BLR,13,5,1119,0
GO182,GoAir,GOI,HYD,7,4,1684,0
GO916,GoAir,HYD,COK,9,4,638,1
AI883,AirAsia,GOI,DEL,9,3,788,0
AI366,AirAsia,COK,BLR,9,2,885,0
IN618,IndiGo,BLR,BOM,13,5,935,0
IN302,IndiGo,BLR,COK,7,2,1821,0
AI579,AirAsia,BLR,CCU,18,4,844,0
GO614,GoAir,GOI,DEL,8,5,639,1
AI414,AirAsia,GOI,COK,20,1,1088,1
GO828,GoAir,HYD,COK,23,4,1661,1
AI509,Air India,BOM,COK,20,3,736,1
GO382,GoAir,GOI,BLR,8,4,1010,1
AI910,Air India,GOI,BLR,22,1,1960,0
AI890,AirAsia,GOI,BOM,19,1,2247,0
IN834,IndiGo,MAA,GOI,10,5,1352,0
AI406,Air India,GOI,DEL,13,3,1014,0
GO477,GoAir,BOM,MAA,14,6,1384,0
SP496,SpiceJet,GOI,COK,11,5,1392,0
GO922,GoAir,HYD,BLR,20,6,1557,1
SP728,SpiceJet,BOM,HYD,5,0,1663,0
GO644,GoAir,CCU,GOI,20,2,1071,0
AI974,Air India,CCU,BLR,16,0,972,0
AI660,AirAsia,GOI,CCU,14,0,1473,0
SP643,SpiceJet,COK,DEL,11,3,1447,0
IN486,IndiGo,GOI,MAA,5,0,2112,0
SP921,SpiceJet,DEL,BOM,9,6,2321,1
GO613,GoAir,DEL,BLR,17,6,1322,1
AI103,Air India,GOI,COK,7,4,1513,0
AI311,AirAsia,HYD,BOM,10,6,399,0
GO246,GoAir,HYD,BLR,9,4,1861,0
AI810,Air India,HYD,GOI,11,4,766,0
GO541,GoAir,CCU,MAA,17,2,1379,0
AI733,Air India,CCU,MAA,10,1,2053,0
AI306,AirAsia,BLR,COK,16,1,1438,0
GO131,GoAir,HYD,DEL,14,1,1147,0
AI947,AirAsia,CCU,COK,5,0,1757,0
IN105,IndiGo,DEL,GOI,11,5,363,0
AI903,Air India,GOI,HYD,16,2,2362,0
GO795,GoAir,COK,BOM,5,4,635,1
SP683,SpiceJet,HYD,CCU,15,3,2233,1
AI636,AirAsia,GOI,MAA,8,4,1533,0
VI638,Vistara,COK,BOM,9,3,2037,1
SP758,SpiceJet,BOM,MAA,16,1,1278,0
GO179,GoAir,HYD,DEL,5,6,2089,1
VI715,Vistara,GOI,CCU,18,2,1470,0
GO247,GoAir,BOM,DEL,6,1,705,1
AI121,AirAsia,HYD,MAA,7,5,1954,0
AI480,AirAsia,HYD,MAA,5,4,1424,0
VI128,Vistara,DEL,MAA,16,2,1503,0
SP710,SpiceJet,CCU,GOI,9,5,1380,1
GO274,GoAir,MAA,CCU,10,2,1661,0
VI451,Vistara,CCU,GOI,7,6,1919,1
AI184,Air India,CCU,MAA,16,2,1164,0
VI265,Vistara,COK,GOI,13,3,1179,0
VI594,Vistara,MAA,BOM,20,0,1467,0
AI298,AirAsia,CCU,BOM,11,6,948,0
SP620,SpiceJet,COK,CCU,7,5,1247,0
AI493,Air India,HYD,BLR,12,2,1083,0
IN300,IndiGo,BLR,GOI,22,4,2173,0
VI809,Vistara,DEL,HYD,17,1,1314,0
GO438,GoAir,BLR,CCU,16,4,626,1
AI500,Air India,MAA,CCU,16,3,413,0
VI199,Vistara,BOM,COK,5,3,1872,0
GO887,GoAir,BLR,DEL,7,5,953,0
VI336,Vistara,HYD,MAA,18,0,2353,0
AI786,AirAsia,MAA,DEL,15,0,2063,1
GO203,GoAir,MAA,DEL,11,1,2493,1
GO745,GoAir,HYD,COK,12,2,2278,1
SP193,SpiceJet,COK,GOI,15,2,2454,0
SP409,SpiceJet,DEL,COK,5,1,1408,0
GO279,GoAir,HYD,DEL,20,3,1611,1
VI454,Vistara,HYD,DEL,5,2,1431,0
GO469,GoAir,HYD,GOI,7,2,896,0
AI356,AirAsia,HYD,BOM,21,6,1750,0
GO649,GoAir,BLR,COK,15,5,2496,0
AI286,AirAsia,COK,GOI,8,2,516,1
GO558,GoAir,BOM,DEL,10,0,2208,0
SP840,SpiceJet,BOM,CCU,11,2,2322,1
VI387,Vistara,GOI,CCU,22,2,1451,0
VI202,Vistara,BOM,GOI,16,0,2123,0
GO772,GoAir,MAA,CCU,19,0,728,1
AI900,AirAsia,GOI,COK,8,1,733,0
SP217,SpiceJet,BOM,HYD,23,6,2479,1
AI949,Air India,BOM,CCU,22,3,355,0
IN373,IndiGo,HYD,DEL,9,3,370,1
SP476,SpiceJet,BLR,COK,23,6,1990,0
VI387,Vistara,GOI,BLR,12,1,2296,0
AI892,AirAsia,MAA,BOM,5,4,578,1
VI192,Vistara,BOM,CCU,5,2,1437,0
GO428,GoAir,GOI,BOM,8,2,524,0
GO286,GoAir,GOI,COK,5,5,1607,1
GO177,GoAir,BLR,HYD,23,6,2225,1
SP780,SpiceJet,GOI,HYD,14,6,2152,0
AI787,AirAsia,GOI,BOM,7,1,1840,1
AI424,AirAsia,BOM,CCU,18,1,540,0
IN972,IndiGo,DEL,BOM,15,2,2425,0
AI716,AirAsia,GOI,MAA,9,2,1833,0
SP352,SpiceJet,HYD,GOI,14,1,2169,0
AI961,Air India,HYD,MAA,22,3,993,0
AI663,Air India,HYD,CCU,17,2,1943,1
IN360,IndiGo,DEL,MAA,19,4,466,1
AI775,Air India,HYD,BLR,21,4,1848,0
SP630,SpiceJet,DEL,BLR,9,4,939,1
SP378,SpiceJet,HYD,CCU,23,0,1742,0
AI441,AirAsia,BOM,HYD,9,5,1937,0
SP812,SpiceJet,HYD,BOM,21,0,513,0
SP816,SpiceJet,MAA,CCU,17,5,551,0
GO817,GoAir,MAA,DEL,12,1,457,1
GO409,GoAir,DEL,MAA,21,5,432,1
SP501,SpiceJet,CCU,BOM,6,0,786,0
VI898,Vistara,MAA,BOM,10,2,1774,0
AI597,AirAsia,GOI,BOM,12,4,1864,0
GO487,GoAir,CCU,GOI,22,1,2429,0
GO414,GoAir,HYD,CCU,18,0,2163,0
SP950,SpiceJet,DEL,BOM,7,0,2310,0
IN540,IndiGo,BLR,BOM,18,5,1504,1
SP377,SpiceJet,GOI,HYD,8,1,493,1
VI119,Vistara,HYD,BLR,21,2,310,0
VI864,Vistara,COK,MAA,23,0,776,0
VI390,Vistara,MAA,HYD,13,5,1533,0
AI850,Air India,DEL,CCU,7,3,2454,1
AI465,AirAsia,DEL,BLR,14,1,1382,0
IN436,IndiGo,GOI,DEL,14,5,544,1
SP173,SpiceJet,GOI,HYD,7,5,2360,1
VI890,Vistara,MAA,HYD,15,2,1634,0
AI611,AirAsia,CCU,BOM,16,5,2430,0
SP248,SpiceJet,BLR,HYD,18,1,1005,1
GO720,GoAir,HYD,BLR,23,0,512,1
AI401,Air India,BLR,BOM,16,1,1545,1
VI259,Vistara,CCU,COK,6,5,1501,0
AI961,Air India,COK,GOI,8,3,807,0
AI745,Air India,BOM,MAA,23,6,2361,0
IN667,IndiGo,COK,DEL,5,6,2456,0
AI342,AirAsia,BLR,DEL,16,4,1708,0
IN522,IndiGo,CCU,MAA,8,5,2075,0
VI130,Vistara,DEL,MAA,11,2,1972,0
IN426,IndiGo,HYD,MAA,15,2,434,0
GO348,GoAir,COK,HYD,15,2,1316,0
AI839,Air India,COK,DEL,8,0,2500,1
AI427,Air India,BOM,COK,5,1,470,0
SP795,SpiceJet,MAA,COK,11,4,2182,1
SP530,SpiceJet,BLR,CCU,19,5,2020,0
SP366,SpiceJet,DEL,BLR,19,6,1141,1
IN578,IndiGo,MAA,BLR,8,0,2050,0
AI522,AirAsia,HYD,BLR,8,1,1180,0
VI379,Vistara,BOM,GOI,18,6,1313,0
IN617,IndiGo,MAA,BLR,19,6,553,0
IN619,IndiGo,CCU,MAA,17,4,1980,1
AI377,AirAsia,GOI,MAA,20,3,1150,1
SP642,SpiceJet,GOI,COK,20,3,799,1
AI691,AirAsia,COK,GOI,7,2,2146,1
AI592,AirAsia,HYD,BLR,11,4,533,0
GO698,GoAir,COK,GOI,20,6,1824,1
IN922,IndiGo,HYD,MAA,16,6,2269,1
SP428,SpiceJet,GOI,HYD,18,6,423,1
IN368,IndiGo,GOI,MAA,22,1,2425,0
IN529,IndiGo,BLR,GOI,23,4,892,0
IN196,IndiGo,MAA,GOI,9,6,2390,0
SP709,SpiceJet,DEL,GOI,18,3,2360,1
VI886,Vistara,BOM,BLR,9,1,1341,0
AI410,AirAsia,BLR,CCU,14,5,858,0
SP510,SpiceJet,BOM,MAA,6,1,2392,0
AI900,AirAsia,HYD,MAA,19,5,1932,1
IN451,IndiGo,GOI,COK,15,5,862,0
SP438,SpiceJet,BLR,CCU,14,5,408,0
SP485,SpiceJet,BOM,GOI,22,0,2279,1
GO250,GoAir,MAA,DEL,23,3,1706,0
IN616,IndiGo,HYD,DEL,13,4,2339,1
AI899,Air India,DEL,GOI,7,0,2077,0
IN498,IndiGo,BOM,CCU,17,6,593,1
IN589,IndiGo,DEL,GOI,17,3,575,0
IN563,IndiGo,HYD,CCU,14,2,1549,0
SP435,SpiceJet,DEL,BLR,22,1,2225,1
SP123,SpiceJet,COK,MAA,12,5,2373,1
AI737,AirAsia,BLR,COK,12,3,1412,1
VI720,Vistara,GOI,BOM,8,0,406,0
SP130,SpiceJet,DEL,BOM,8,2,1051,1
VI967,Vistara,CCU,GOI,13,1,1480,1
AI522,Air India,COK,BLR,12,2,623,0
IN837,IndiGo,MAA,GOI,14,1,2032,0
AI162,AirAsia,BLR,DEL,9,6,1527,0
VI541,Vistara,BLR,CCU,18,5,1318,1
GO450,GoAir,BLR,MAA,15,1,1791,1
IN418,IndiGo,GOI,MAA,23,3,829,0
IN528,IndiGo,COK,HYD,11,3,2178,0
GO913,GoAir,COK,CCU,7,4,910,0
GO864,GoAir,GOI,BOM,11,5,765,0
VI270,Vistara,BOM,CCU,6,2,1964,1
AI127,Air India,GOI,DEL,18,0,1369,0
VI283,Vistara,GOI,MAA,8,6,398,1
AI102,AirAsia,HYD,BOM,21,6,866,0
IN215,IndiGo,DEL,HYD,20,5,2330,1
AI379,AirAsia,BOM,DEL,9,1,2164,0
AI294,Air India,DEL,BOM,10,6,380,0
VI212,Vistara,GOI,BOM,12,2,547,1
GO157,GoAir,HYD,DEL,21,0,2383,1
VI915,Vistara,GOI,MAA,10,3,2373,1
AI574,AirAsia,GOI,DEL,10,6,1267,1
AI112,AirAsia,COK,DEL,14,5,1916,0
AI927,Air India,CCU,GOI,6,4,649,1
GO521,GoAir,GOI,CCU,14,6,1477,1
AI275,AirAsia,MAA,DEL,22,6,698,1
SP861,SpiceJet,COK,BLR,22,0,703,0
AI676,AirAsia,GOI,DEL,22,2,2387,1
AI681,Air India,CCU,COK,7,4,654,0
AI884,Air India,HYD,BLR,12,3,1287,0
SP730,SpiceJet,BOM,BLR,21,5,783,0
SP564,SpiceJet,BLR,MAA,18,4,1190,0
GO690,GoAir,DEL,MAA,7,1,2205,1
IN939,IndiGo,DEL,COK,18,0,352,0
VI707,Vistara,BLR,COK,17,3,908,0
AI524,AirAsia,COK,BLR,18,0,2344,0
AI103,AirAsia,BLR,GOI,23,1,380,1
AI687,Air India,CCU,HYD,12,6,575,1
AI594,AirAsia,DEL,BLR,6,2,660,0
IN587,IndiGo,HYD,GOI,20,0,781,0
SP138,SpiceJet,GOI,DEL,5,4,590,0
AI406,Air India,BLR,BOM,5,6,2132,1
VI839,Vistara,COK,DEL,23,0,491,0
VI470,Vistara,GOI,BLR,12,2,443,0
GO603,GoAir,GOI,CCU,21,6,831,0
AI173,AirAsia,BOM,HYD,7,1,310,0
AI780,AirAsia,BOM,CCU,19,4,452,0
VI511,Vistara,DEL,BOM,7,3,2273,1
GO119,GoAir,HYD,GOI,15,0,2071,1
AI467,Air India,BOM,DEL,5,3,936,1
AI286,Air India,MAA,BOM,19,4,1447,1
AI721,AirAsia,GOI,CCU,16,6,1851,0
IN746,IndiGo,GOI,BLR,8,4,976,0
AI160,AirAsia,COK,BOM,18,6,909,1
AI111,Air India,MAA,GOI,19,0,2071,0
AI964,AirAsia,BLR,MAA,8,5,536,1
AI121,AirAsia,DEL,BOM,10,2,1324,0
AI251,AirAsia,CCU,MAA,19,2,1336,0
AI811,Air India,CCU,MAA,17,4,1690,0
AI472,Air India,GOI,CCU,19,6,489,0
AI816,AirAsia,MAA,BOM,19,4,1336,1
IN524,IndiGo,COK,CCU,20,2,1419,0
VI379,Vistara,COK,DEL,11,5,1770,0
AI206,AirAsia,BLR,CCU,23,1,2425,1
AI301,Air India,DEL,HYD,6,1,461,1
IN223,IndiGo,COK,CCU,6,2,605,0
AI104,AirAsia,GOI,DEL,23,0,1230,0
AI275,AirAsia,BLR,HYD,6,5,413,0
SP225,SpiceJet,BOM,GOI,20,1,2382,1
IN990,IndiGo,BOM,COK,16,3,1072,0
SP320,SpiceJet,DEL,COK,6,1,1759,1
VI463,Vistara,HYD,DEL,5,6,1123,0
VI480,Vistara,DEL,GOI,6,4,947,1
GO419,GoAir,COK,MAA,7,6,2259,1
GO461,GoAir,BLR,GOI,17,1,624,0
SP492,SpiceJet,BOM,MAA,10,6,1754,1
AI516,Air India,CCU,GOI,5,0,1039,0
VI565,Vistara,BLR,BOM,11,3,2373,0
AI183,Air India,CCU,MAA,16,2,1381,0
AI242,Air India,BLR,CCU,17,0,377,0
GO977,GoAir,BOM,MAA,23,6,2156,1
GO258,GoAir,COK,BLR,17,2,1107,1
SP272,SpiceJet,COK,BOM,6,5,1750,1
VI461,Vistara,HYD,MAA,5,4,883,0
GO204,GoAir,DEL,CCU,9,0,1540,1
IN529,IndiGo,HYD,MAA,14,5,1412,0
AI657,AirAsia,COK,HYD,11,1,1050,0
GO490,GoAir,BLR,COK,15,6,1110,0
GO188,GoAir,GOI,HYD,17,1,1277,1
AI178,Air India,COK,BOM,23,4,1432,0
SP368,SpiceJet,COK,MAA,14,5,2204,1
IN708,IndiGo,DEL,BLR,5,4,1742,1
SP784,SpiceJet,CCU,MAA,5,3,1539,0
AI374,Air India,CCU,MAA,12,4,1931,0
AI852,Air India,CCU,BLR,9,3,2389,0
SP453,SpiceJet,COK,DEL,22,2,373,0
SP626,SpiceJet,HYD,BLR,23,4,1492,0
GO530,GoAir,BOM,GOI,20,4,322,1
IN428,IndiGo,DEL,GOI,10,5,2289,0
AI178,AirAsia,GOI,BLR,19,0,474,0
AI904,Air India,GOI,HYD,9,5,2312,0
GO593,GoAir,MAA,BOM,7,5,1949,0
VI573,Vistara,BOM,COK,5,2,950,0
AI735,AirAsia,BOM,BLR,5,2,729,0
AI475,Air India,BOM,MAA,13,5,1965,0
VI564,Vistara,BLR,DEL,22,3,2358,0
SP268,SpiceJet,DEL,COK,6,0,580,1
AI620,Air India,HYD,MAA,20,6,1534,0
AI505,AirAsia,DEL,BLR,10,2,668,0
SP299,SpiceJet,BLR,COK,17,0,958,0
AI529,Air India,BLR,HYD,18,0,1815,0
IN992,IndiGo,MAA,BOM,21,0,1190,1
AI980,Air India,CCU,BLR,23,2,1804,1
GO901,GoAir,BLR,BOM,15,4,2217,1
GO534,GoAir,GOI,BLR,8,4,2009,0
GO821,GoAir,MAA,HYD,10,2,2438,1
VI460,Vistara,DEL,CCU,18,4,2374,1
AI480,Air India,DEL,MAA,6,5,1858,0
GO363,GoAir,HYD,BLR,6,2,521,0
VI703,Vistara,COK,CCU,17,3,2366,1
IN200,IndiGo,COK,MAA,18,0,1784,0
AI344,AirAsia,DEL,BOM,9,2,2026,1
AI888,AirAsia,DEL,CCU,14,4,856,0
IN236,IndiGo,BLR,HYD,15,2,1781,0
IN296,IndiGo,HYD,CCU,16,0,1879,0
SP488,SpiceJet,COK,HYD,12,2,1478,0
VI302,Vistara,DEL,COK,19,4,1651,1
GO389,GoAir,BOM,CCU,20,1,2124,1
GO120,GoAir,COK,BOM,11,1,1558,1
GO115,GoAir,BLR,BOM,16,4,2357,0
AI557,Air India,BLR,DEL,6,4,1136,0
AI683,AirAsia,DEL,GOI,12,3,635,0
VI143,Vistara,CCU,BLR,8,1,2184,0
AI680,Air India,BLR,HYD,19,4,1720,0
SP835,SpiceJet,BLR,COK,22,1,1014,0
VI831,Vistara,GOI,COK,5,6,1766,0
VI782,Vistara,BOM,MAA,20,2,457,1
VI267,Vistara,MAA,HYD,10,4,1681,1
GO504,GoAir,CCU,BLR,6,6,617,0
AI831,Air India,HYD,CCU,22,1,2490,0
AI781,Air India,BLR,HYD,5,4,2016,0
GO160,GoAir,COK,DEL,10,3,618,0
VI305,Vistara,BLR,DEL,19,4,1053,0
AI631,AirAsia,CCU,BOM,13,0,1896,0
IN849,IndiGo,CCU,BLR,7,0,335,1
AI332,AirAsia,COK,GOI,16,6,1402,0
AI942,AirAsia,HYD,BLR,22,1,1425,0
GO537,GoAir,BLR,GOI,21,0,2218,0
AI591,AirAsia,MAA,DEL,15,6,403,0
AI516,Air India,DEL,MAA,13,1,872,0
AI651,AirAsia,CCU,BOM,7,4,2293,1
VI745,Vistara,HYD,GOI,10,1,1839,0
AI364,Air India,BOM,HYD,5,2,1895,0
VI449,Vistara,CCU,DEL,12,4,310,0
GO448,GoAir,MAA,BLR,18,4,2130,1
VI622,Vistara,MAA,BLR,22,5,716,0
VI803,Vistara,BLR,GOI,6,4,1043,0
AI780,Air India,BOM,GOI,11,0,2024,0
GO269,GoAir,MAA,CCU,5,6,2216,0
AI715,AirAsia,GOI,HYD,23,0,1281,0
VI859,Vistara,CCU,DEL,12,4,2231,0
GO259,GoAir,BLR,DEL,8,3,728,0
GO790,GoAir,DEL,CCU,21,2,939,0
AI814,AirAsia,BLR,DEL,7,4,534,1
IN351,IndiGo,GOI,BOM,17,2,1802,1
IN150,IndiGo,CCU,GOI,14,0,598,1
AI252,AirAsia,BOM,DEL,13,5,375,0
AI165,AirAsia,HYD,CCU,21,6,1909,1
SP238,SpiceJet,GOI,BLR,14,1,1152,0
SP930,SpiceJet,HYD,BOM,14,6,1555,0
VI665,Vistara,BLR,MAA,20,6,584,0
SP399,SpiceJet,COK,GOI,17,4,1789,0
IN317,IndiGo,BOM,HYD,17,1,739,1
IN115,IndiGo,CCU,MAA,12,3,1530,0
VI282,Vistara,MAA,HYD,15,4,2473,0
GO368,GoAir,BLR,CCU,9,3,636,1
SP956,SpiceJet,BOM,CCU,6,0,885,1
SP928,SpiceJet,HYD,GOI,10,2,1906,0
SP643,SpiceJet,GOI,MAA,20,5,739,0
IN890,IndiGo,HYD,BLR,6,3,952,0
AI550,Air India,COK,GOI,17,0,827,1
AI348,AirAsia,HYD,COK,8,6,866,1
IN304,IndiGo,BOM,COK,6,1,1277,1
IN852,IndiGo,HYD,GOI,11,6,1247,0
SP877,SpiceJet,MAA,BLR,13,4,1845,0
IN793,IndiGo,BOM,BLR,21,0,2270,0
GO561,GoAir,HYD,GOI,19,2,762,1
VI995,Vistara,HYD,CCU,20,2,590,0
VI661,Vistara,MAA,CCU,5,2,772,0
VI316,Vistara,CCU,BOM,5,0,451,0
IN339,IndiGo,DEL,CCU,8,2,1529,0
VI496,Vistara,BOM,COK,17,6,1968,1
IN262,IndiGo,DEL,MAA,19,6,769,1
IN959,IndiGo,BOM,BLR,20,5,1040,0
AI550,Air India,MAA,BLR,20,5,488,1
AI392,Air India,BLR,HYD,10,1,1452,0
AI563,AirAsia,BLR,CCU,11,2,2478,0
IN560,IndiGo,MAA,CCU,5,4,1166,0
SP766,SpiceJet,MAA,BLR,9,5,1369,1
AI692,AirAsia,MAA,GOI,17,2,901,0
IN555,IndiGo,CCU,BLR,9,0,964,0
AI607,Air India,COK,HYD,17,6,2486,0
SP385,SpiceJet,GOI,BOM,10,3,1430,0
IN479,IndiGo,CCU,COK,18,1,1421,0
IN720,IndiGo,HYD,BLR,11,0,2321,1
GO461,GoAir,BLR,COK,9,0,1037,0
AI105,Air India,CCU,MAA,19,1,2365,1
IN525,IndiGo,COK,BLR,20,1,1420,1
AI165,Air India,COK,HYD,21,0,591,0
AI196,AirAsia,MAA,BLR,16,0,2163,0
GO798,GoAir,BOM,CCU,18,4,305,1
SP930,SpiceJet,COK,BLR,6,3,1638,0
VI255,Vistara,HYD,CCU,18,3,578,0
VI530,Vistara,HYD,GOI,20,1,500,0
GO379,GoAir,HYD,MAA,19,1,348,0
IN526,IndiGo,MAA,COK,12,6,1137,0
AI754,Air India,MAA,GOI,18,1,1233,0
VI895,Vistara,GOI,MAA,18,5,1015,0
SP740,SpiceJet,COK,CCU,17,6,1315,1
IN478,IndiGo,COK,BLR,18,6,528,1
AI649,Air India,HYD,COK,14,4,2496,0
GO503,GoAir,BOM,BLR,7,6,657,1
AI334,AirAsia,COK,GOI,10,2,885,0
VI385,Vistara,CCU,HYD,5,2,499,0
IN721,IndiGo,BLR,GOI,7,4,1596,0
SP498,SpiceJet,COK,BLR,9,0,611,1
AI955,AirAsia,GOI,BLR,12,1,1937,0
GO385,GoAir,CCU,MAA,15,4,2305,0
SP780,SpiceJet,COK,MAA,9,4,1106,1
SP381,SpiceJet,DEL,HYD,12,3,874,1
GO634,GoAir,BOM,GOI,22,5,2141,1
IN340,IndiGo,MAA,HYD,19,6,2153,0
IN506,IndiGo,HYD,BOM,22,6,2421,0
VI382,Vistara,BLR,BOM,7,2,677,0
VI180,Vistara,COK,HYD,5,5,612,1
VI279,Vistara,COK,HYD,20,6,2252,1
AI743,Air India,CCU,MAA,12,3,1621,1
VI801,Vistara,CCU,BOM,7,0,732,0
SP536,SpiceJet,BLR,BOM,9,3,1207,1
SP297,SpiceJet,DEL,GOI,6,6,1665,1
SP319,SpiceJet,COK,MAA,10,2,2428,1
AI209,AirAsia,CCU,MAA,21,2,503,0
IN977,IndiGo,CCU,BLR,23,0,630,0
AI963,Air India,GOI,COK,5,2,1401,0
AI214,AirAsia,GOI,DEL,10,2,2223,0
SP771,SpiceJet,DEL,COK,6,6,1251,1
AI513,Air India,BLR,CCU,5,6,1634,0
GO262,GoAir,GOI,COK,7,1,1903,0
GO421,GoAir,CCU,DEL,8,4,877,1
AI191,Air India,BOM,GOI,7,5,2387,1
VI337,Vistara,BLR,DEL,5,0,1218,0
AI740,Air India,BOM,MAA,5,4,935,0
AI413,AirAsia,MAA,HYD,10,1,1502,0
IN652,IndiGo,COK,DEL,5,2,1136,0
